😀	grinning face smile happy grin
😁	grinning face with smiling eyes
😂	face with tears of joy lol laugh cry funny happy
😃	smiling face with open mouth
😄	smiling face with open mouth and smiling eyes
😅	smiling face with open mouth and cold sweat
😆	smiling face with open mouth and tightly-closed eyes
😇	smiling face with halo
😈	smiling face with horns
😉	winking face
😊	smiling face with smiling eyes
😋	face savouring delicious food
😌	relieved face
😍	smiling face with heart-shaped eyes
😎	smiling face with sunglasses cool deal relaxed
😏	smirking face
😐	neutral face
😑	expressionless face
😒	unamused face
😓	face with cold sweat
😔	pensive face
😕	confused face
😖	confounded face
😗	kissing face
😘	face throwing a kiss
😙	kissing face with smiling eyes
😚	kissing face with closed eyes
😛	face with stuck-out tongue
😜	face with stuck-out tongue and winking eye
😝	face with stuck-out tongue and tightly-closed eyes
😞	disappointed face
😟	worried face
😠	angry face
😡	pouting face
😢	crying face
😣	persevering face
😤	face with look of triumph
😥	disappointed but relieved face
😦	frowning face with open mouth
😧	anguished face
😨	fearful face
😩	weary face
😪	sleepy face
😫	tired face
😬	grimacing face
😭	loudly crying face
😮	face with open mouth
😯	hushed face
😰	face with open mouth and cold sweat nervous scared worried
😱	face screaming in fear
😲	astonished face
😳	flushed face
😴	sleeping face
😵	dizzy face
😶	face without mouth
😷	face with medical mask
😸	grinning cat face with smiling eyes
😹	cat face with tears of joy
😺	smiling cat face with open mouth
😻	smiling cat face with heart-shaped eyes
😼	cat face with wry smile
😽	kissing cat face with closed eyes
😾	pouting cat face
😿	crying cat face
🙀	weary cat face
🙁	slightly frowning face
🙂	slightly smiling face
🙃	upside-down face
🙄	face with rolling eyes eyeroll tired fed up
🙅	face with no good gesture
🙆	face with ok gesture
🙇	person bowing deeply
🙈	see-no-evil monkey
🙉	hear-no-evil monkey
🙊	speak-no-evil monkey
🙋	happy person raising one hand
🙌	person raising both hands in celebration
🙍	person frowning
🙎	person with pouting face
🙏	person with folded hands
🌀	cyclone
🌁	foggy
🌂	closed umbrella
🌃	night with stars
🌄	sunrise over mountains
🌅	sunrise
🌆	cityscape at dusk
🌇	sunset over buildings
🌈	rainbow
🌉	bridge at night
🌊	water wave
🌋	volcano
🌌	milky way
🌍	earth globe europe-africa
🌎	earth globe americas
🌏	earth globe asia-australia
🌐	globe with meridians
🌑	new moon symbol
🌒	waxing crescent moon symbol
🌓	first quarter moon symbol
🌔	waxing gibbous moon symbol
🌕	full moon symbol
🌖	waning gibbous moon symbol
🌗	last quarter moon symbol
🌘	waning crescent moon symbol
🌙	crescent moon
🌚	new moon with face
🌛	first quarter moon with face
🌜	last quarter moon with face
🌝	full moon with face
🌞	sun with face
🌟	glowing star
🌠	shooting star
🌡	thermometer
🌢	black droplet
🌣	white sun
🌤	white sun with small cloud
🌥	white sun behind cloud
🌦	white sun behind cloud with rain
🌧	cloud with rain
🌨	cloud with snow
🌩	cloud with lightning
🌪	cloud with tornado
🌫	fog
🌬	wind blowing face
🌭	hot dog
🌮	taco
🌯	burrito
🌰	chestnut
🌱	seedling
🌲	evergreen tree
🌳	deciduous tree
🌴	palm tree
🌵	cactus
🌶	hot pepper
🌷	tulip
🌸	cherry blossom
🌹	rose
🌺	hibiscus
🌻	sunflower
🌼	blossom
🌽	ear of maize
🌾	ear of rice
🌿	herb
🍀	four leaf clover
🍁	maple leaf
🍂	fallen leaf
🍃	leaf fluttering in wind
🍄	mushroom
🍅	tomato
🍆	aubergine
🍇	grapes
🍈	melon
🍉	watermelon
🍊	tangerine
🍋	lemon
🍌	banana
🍍	pineapple
🍎	red apple
🍏	green apple
🍐	pear
🍑	peach
🍒	cherries
🍓	strawberry
🍔	hamburger
🍕	slice of pizza
🍖	meat on bone
🍗	poultry leg
🍘	rice cracker
🍙	rice ball
🍚	cooked rice
🍛	curry and rice
🍜	steaming bowl
🍝	spaghetti
🍞	bread
🍟	french fries
🍠	roasted sweet potato
🍡	dango
🍢	oden
🍣	sushi
🍤	fried shrimp
🍦	soft ice cream
🍧	shaved ice
🍨	ice cream
🍩	doughnut
🍪	cookie
🍫	chocolate bar
🍬	candy
🍭	lollipop
🍮	custard
🍯	honey pot
🍰	shortcake
🍱	bento box
🍲	pot of food
🍳	cooking
🍴	fork and knife
🍵	teacup without handle
🍶	sake bottle and cup
🍷	wine glass
🍸	cocktail glass
🍹	tropical drink
🍺	beer mug
🍻	clinking beer mugs
🍼	baby bottle
🍽	fork and knife with plate
🍾	bottle with popping cork
🍿	popcorn
🎀	ribbon
🎁	wrapped present
🎂	birthday cake
🎃	jack-o-lantern
🎄	christmas tree
🎅	father christmas
🎆	fireworks
🎇	firework sparkler
🎈	balloon
🎉	party popper
🎊	confetti ball
🎋	tanabata tree
🎌	crossed flags
🎍	pine decoration
🎎	japanese dolls
🎏	carp streamer
🎐	wind chime
🎑	moon viewing ceremony
🎒	school satchel
🎓	graduation cap
🎔	heart with tip on the left
🎕	bouquet of flowers
🎖	military medal
🎗	reminder ribbon
🎘	musical keyboard with jacks
🎙	studio microphone
🎚	level slider
🎛	control knobs
🎜	beamed ascending musical notes
🎝	beamed descending musical notes
🎞	film frames
🎟	admission tickets
🎠	carousel horse
🎡	ferris wheel
🎢	roller coaster
🎣	fishing pole and fish
🎤	microphone
🎥	movie camera
🎦	cinema
🎧	headphone
🎨	artist palette
🎩	top hat
🎪	circus tent
🎫	ticket
🎬	clapper board
🎭	performing arts
🎮	video game
🎯	direct hit
🎰	slot machine
🎱	billiards
🎲	game die
🎳	bowling
🎴	flower playing cards
🎵	musical note music song audio beat
🎶	multiple musical notes
🎷	saxophone
🎸	guitar
🎹	musical keyboard
🎺	trumpet
🎻	violin
🎼	musical score
🎽	running shirt with sash
🎾	tennis racquet and ball
🎿	ski and ski boot
🏀	basketball and hoop
🏁	chequered flag
🏂	snowboarder
🏃	runner
🏄	surfer
🏅	sports medal
🏆	trophy
🏇	horse racing
🏈	american football
🏉	rugby football
🏊	swimmer
🏋	weight lifter
🏌	golfer
🏍	racing motorcycle
🏎	racing car
🏏	cricket bat and ball
🏐	volleyball
🏑	field hockey stick and ball
🏒	ice hockey stick and puck
🏓	table tennis paddle and ball
🏔	snow capped mountain
🏕	camping
🏖	beach with umbrella
🏗	building construction
🏘	house buildings
🏙	cityscape
🏚	derelict house building
🏛	classical building
🏜	desert
🏝	desert island
🏞	national park
🏟	stadium
🏠	house building
🏡	house with garden
🏢	office building
🏣	japanese post office
🏤	european post office
🏥	hospital
🏦	bank
🏧	automated teller machine
🏨	hotel
🏩	love hotel
🏪	convenience store
🏫	school
🏬	department store
🏭	factory
🏮	izakaya lantern
🏯	japanese castle
🏰	european castle
🏱	white pennant
🏲	black pennant
🏳	waving white flag
🏴	waving black flag
🏵	rosette
🏶	black rosette
🏷	label
🏸	badminton racquet and shuttlecock
🏺	amphora
🏻	emoji modifier fitzpatrick type-1-2
🏼	emoji modifier fitzpatrick type-3
🏽	emoji modifier fitzpatrick type-4
🏾	emoji modifier fitzpatrick type-5
🏿	emoji modifier fitzpatrick type-6
🐀	rat
🐁	mouse
🐂	ox
🐃	water buffalo
🐄	cow
🐅	tiger
🐆	leopard
🐇	rabbit
🐈	cat
🐉	dragon
🐊	crocodile
🐋	whale
🐌	snail
🐍	snake
🐎	horse
🐏	ram
🐐	goat
🐑	sheep
🐒	monkey
🐓	rooster
🐔	chicken
🐕	dog
🐖	pig
🐗	boar
🐘	elephant
🐙	octopus
🐚	spiral shell
🐛	bug
🐜	ant
🐝	honeybee
🐞	lady beetle
🐟	fish
🐠	tropical fish
🐡	blowfish
🐢	turtle
🐣	hatching chick
🐤	baby chick
🐥	front-facing baby chick
🐦	bird
🐧	penguin
🐨	koala
🐩	poodle
🐪	dromedary camel
🐫	bactrian camel
🐬	dolphin
🐭	mouse face
🐮	cow face
🐯	tiger face
🐰	rabbit face
🐱	cat face
🐲	dragon face
🐳	spouting whale
🐴	horse face
🐵	monkey face
🐶	dog face
🐷	pig face
🐸	frog face
🐹	hamster face
🐺	wolf face
🐻	bear face
🐼	panda face
🐽	pig nose
🐾	paw prints
🐿	chipmunk
👀	eyes
👁	eye
👂	ear
👃	nose
👄	mouth
👅	tongue
👆	white up pointing backhand index
👇	white down pointing backhand index
👈	white left pointing backhand index
👉	white right pointing backhand index
👑	crown
👒	womans hat
👓	eyeglasses
👔	necktie
👕	t-shirt
👖	jeans
👗	dress
👘	kimono
👙	bikini
👚	womans clothes
👛	purse
👜	handbag
👝	pouch
👞	mans shoe
👟	athletic shoe
👠	high-heeled shoe
👡	womans sandal
👢	womans boots
👣	footprints
👤	bust in silhouette
👥	busts in silhouette
👦	boy
👧	girl
👨	man
👩	woman
👪	family
👫	man and woman holding hands
👬	two men holding hands
👭	two women holding hands
👮	police officer
👯	woman with bunny ears
👰	bride with veil
👱	person with blond hair
👲	man with gua pi mao
👳	man with turban
👴	older man
👵	older woman
👶	baby
👷	construction worker
👸	princess
👹	japanese ogre
👺	japanese goblin
👻	ghost
👼	baby angel
👽	extraterrestrial alien
👾	alien monster
👿	imp
💀	skull
💁	information desk person
💂	guardsman
💃	dancer
💄	lipstick
💅	nail polish
💆	face massage
💇	haircut
💈	barber pole
💉	syringe
💊	pill
💋	kiss mark
💌	love letter
💍	ring
💎	gem stone
💏	kiss
💐	bouquet
💑	couple with heart
💒	wedding
💓	beating heart
💔	broken heart heartbreak sad breakup
💕	two hearts
💖	sparkling heart
💗	growing heart
💙	blue heart
💚	green heart
💛	yellow heart
💜	purple heart
💝	heart with ribbon
💞	revolving hearts
💟	heart decoration
💠	diamond shape with a dot inside
💡	electric light bulb idea tip bright
💢	anger symbol
💣	bomb
💤	sleeping symbol
💥	collision symbol
💦	splashing sweat symbol
💧	droplet
💨	dash symbol
💩	pile of poo
💪	flexed biceps
💫	dizzy symbol
💬	speech balloon
💭	thought balloon
💮	white flower
💯	hundred points symbol
💰	money bag
💱	currency exchange
💳	credit card
💸	money with wings
💺	seat
💻	personal computer laptop computer mac dev coding
💼	briefcase
💽	minidisc
💾	floppy disk
💿	optical disc
📀	dvd
📁	file folder
📂	open file folder
📃	page with curl
📄	page facing up
📅	calendar
📆	tear-off calendar
📇	card index
📈	chart with upwards trend
📉	chart with downwards trend
📊	bar chart
📋	clipboard
📌	pushpin
📍	round pushpin
📎	paperclip
📏	straight ruler
📐	triangular ruler
📑	bookmark tabs
📒	ledger
📓	notebook
📔	notebook with decorative cover
📕	closed book
📖	open book
📗	green book
📘	blue book
📙	orange book
📚	books
📛	name badge
📜	scroll
📝	memo
📞	telephone receiver
📟	pager
📠	fax machine
📡	satellite antenna
📢	public address loudspeaker
📣	cheering megaphone
📤	outbox tray
📥	inbox tray
📦	package
📧	e-mail symbol
📨	incoming envelope
📪	closed mailbox with lowered flag
📫	closed mailbox with raised flag
📬	open mailbox with raised flag
📭	open mailbox with lowered flag
📮	postbox
📯	postal horn
📰	newspaper
📱	mobile phone phone mobile smartphone call
📳	vibration mode
📴	mobile phone off
📵	no mobile phones
📶	antenna with bars
📷	camera photo picture snap
📸	camera with flash
📹	video camera
📺	television
📻	radio
📼	videocassette
📽	film projector
📾	portable stereo
📿	prayer beads
🔅	low brightness symbol
🔆	high brightness symbol
🔇	speaker with cancellation stroke
🔈	speaker
🔉	speaker with one sound wave
🔊	speaker with three sound waves
🔋	battery
🔌	electric plug
🔍	left-pointing magnifying glass
🔎	right-pointing magnifying glass
🔏	lock with ink pen
🔐	closed lock with key
🔑	key password access unlock
🔒	lock
🔓	open lock
🔔	bell
🔕	bell with cancellation stroke
🔖	bookmark
🔗	link symbol
🔘	radio button
🔞	no one under eighteen symbol
🔟	keycap ten
🔠	input symbol for latin capital letters
🔡	input symbol for latin small letters
🔢	input symbol for numbers
🔣	input symbol for symbols
🔤	input symbol for latin letters
🔥	fire hot flame lit trending
🔦	electric torch
🔧	wrench
🔨	hammer
🔩	nut and bolt
🔪	hocho
🔫	pistol
🔬	microscope
🔭	telescope
🔮	crystal ball
🔯	six pointed star with middle dot
🔰	japanese symbol for beginner
🔱	trident emblem
🔲	black square button
🔳	white square button
🔴	large red circle
🔵	large blue circle
🔶	large orange diamond
🔷	large blue diamond
🔸	small orange diamond
🔹	small blue diamond
🔺	up-pointing red triangle
🔻	down-pointing red triangle
🔼	up-pointing small red triangle
🔽	down-pointing small red triangle
🔾	lower right shadowed white circle
🔿	upper right shadowed white circle
🕀	circled cross pommee
🕁	cross pommee with half-circle below
🕂	cross pommee
🕃	notched left semicircle with three dots
🕄	notched right semicircle with three dots
🕅	symbol for marks chapter
🕆	white latin cross
🕇	heavy latin cross
🕈	celtic cross
🕉	om symbol
🕊	dove of peace
🕋	kaaba
🕌	mosque
🕍	synagogue
🕎	menorah with nine branches
🕏	bowl of hygieia
🕐	clock face one oclock
🕑	clock face two oclock
🕒	clock face three oclock
🕓	clock face four oclock
🕔	clock face five oclock
🕕	clock face six oclock
🕖	clock face seven oclock
🕗	clock face eight oclock
🕘	clock face nine oclock
🕙	clock face ten oclock
🕚	clock face eleven oclock
🕛	clock face twelve oclock
🕜	clock face one-thirty
🕝	clock face two-thirty
🕞	clock face three-thirty
🕟	clock face four-thirty
🕠	clock face five-thirty
🕡	clock face six-thirty
🕢	clock face seven-thirty
🕣	clock face eight-thirty
🕤	clock face nine-thirty
🕥	clock face ten-thirty
🕦	clock face eleven-thirty
🕧	clock face twelve-thirty
🕨	right speaker
🕩	right speaker with one sound wave
🕪	right speaker with three sound waves
🕫	bullhorn
🕬	bullhorn with sound waves
🕭	ringing bell
🕮	book
🕯	candle
🕰	mantelpiece clock
🕱	black skull and crossbones
🕲	no piracy
🕳	hole
🕴	man in business suit levitating
🕵	sleuth or spy
🕶	dark sunglasses
🕷	spider
🕸	spider web
🕹	joystick
🕺	man dancing
🕻	left hand telephone receiver
🕼	telephone receiver with page
🕽	right hand telephone receiver
🕾	white touchtone telephone
🕿	black touchtone telephone
🖀	telephone on top of modem
🖁	clamshell mobile phone
🖂	back of envelope
🖃	stamped envelope
🖄	envelope with lightning
🖅	flying envelope
🖆	pen over stamped envelope
🖇	linked paperclips
🖈	black pushpin
🖉	lower left pencil
🖊	lower left ballpoint pen
🖋	lower left fountain pen
🖌	lower left paintbrush
🖍	lower left crayon
🖎	left writing hand
🖐	raised hand with fingers splayed
🖑	reversed raised hand with fingers splayed
🖔	reversed victory hand
🖕	reversed hand with middle finger extended
🖖	raised hand with part between middle and ring fingers
🖗	white down pointing left hand index
🖘	sideways white left pointing index
🖙	sideways white right pointing index
🖚	sideways black left pointing index
🖛	sideways black right pointing index
🖜	black left pointing backhand index
🖝	black right pointing backhand index
🖞	sideways white up pointing index
🖟	sideways white down pointing index
🖠	sideways black up pointing index
🖡	sideways black down pointing index
🖢	black up pointing backhand index
🖣	black down pointing backhand index
🖤	black heart
🖥	desktop computer
🖦	keyboard and mouse
🖧	three networked computers
🖨	printer
🖩	pocket calculator
🖪	black hard shell floppy disk
🖫	white hard shell floppy disk
🖬	soft shell floppy disk
🖭	tape cartridge
🖮	wired keyboard
🖯	one button mouse
🖰	two button mouse
🖱	three button mouse
🖲	trackball
🖳	old personal computer
🖴	hard disk
🖵	screen
🖶	printer icon
🖷	fax icon
🖸	optical disc icon
🖹	document with text
🖺	document with text and picture
🖻	document with picture
🖼	frame with picture
🖽	frame with tiles
🖾	frame with an x
🖿	black folder
🗀	folder
🗁	open folder
🗂	card index dividers
🗃	card file box
🗄	file cabinet
🗅	empty note
🗆	empty note page
🗇	empty note pad
🗈	note
🗉	note page
🗊	note pad
🗋	empty document
🗌	empty page
🗍	empty pages
🗎	document
🗏	page
🗐	pages
🗑	wastebasket
🗒	spiral note pad
🗓	spiral calendar pad
🗔	desktop window
🗕	minimize
🗖	maximize
🗗	overlap
🗙	cancellation x
🗚	increase font size symbol
🗛	decrease font size symbol
🗜	compression
🗝	old key
🗞	rolled-up newspaper
🗟	page with circled text
🗠	stock chart
🗡	dagger knife
🗢	lips
🗣	speaking head in silhouette
🗤	three rays above
🗥	three rays below
🗦	three rays left
🗧	three rays right
🗨	left speech bubble
🗩	right speech bubble
🗪	two speech bubbles
🗫	three speech bubbles
🗬	left thought bubble
🗭	right thought bubble
🗮	left anger bubble
🗯	right anger bubble
🗰	mood bubble
🗱	lightning mood bubble
🗲	lightning mood
🗳	ballot box with ballot
🗴	ballot script x
🗵	ballot box with script x
🗶	ballot bold script x
🗷	ballot box with bold script x
🗸	light check mark
🗹	ballot box with bold check
🗺	world map
🗻	mount fuji
🗼	tokyo tower
🗽	statue of liberty
🗾	silhouette of japan
🗿	moyai
🚀	rocket launch ship deploy fast
🚁	helicopter
🚂	steam locomotive
🚃	railway car
🚄	high-speed train
🚅	high-speed train with bullet nose
🚆	train
🚇	metro
🚈	light rail
🚉	station
🚊	tram
🚋	tram car
🚌	bus
🚍	oncoming bus
🚎	trolleybus
🚏	bus stop
🚐	minibus
🚑	ambulance
🚒	fire engine
🚓	police car
🚔	oncoming police car
🚕	taxi
🚖	oncoming taxi
🚗	automobile
🚘	oncoming automobile
🚙	recreational vehicle
🚚	delivery truck
🚛	articulated lorry
🚜	tractor
🚝	monorail
🚞	mountain railway
🚟	suspension railway
🚠	mountain cableway
🚡	aerial tramway
🚢	ship
🚣	rowboat
🚤	speedboat
🚥	horizontal traffic light
🚦	vertical traffic light
🚨	police cars revolving light
🚩	triangular flag on post
🚪	door
🚬	smoking symbol
🚭	no smoking symbol
🚮	put litter in its place symbol
🚯	do not litter symbol
🚰	potable water symbol
🚱	non-potable water symbol
🚲	bicycle
🚳	no bicycles
🚴	bicyclist
🚵	mountain bicyclist
🚶	pedestrian
🚷	no pedestrians
🚸	children crossing
🚹	mens symbol
🚺	womens symbol
🚻	restroom
🚼	baby symbol
🚽	toilet
🚾	water closet
🚿	shower
🛀	bath
🛁	bathtub
🛂	passport control
🛃	customs
🛄	baggage claim
🛅	left luggage
🛆	triangle with rounded corners
🛈	circled information source
🛉	boys symbol
🛊	girls symbol
🛋	couch and lamp
🛌	sleeping accommodation
🛍	shopping bags
🛎	bellhop bell
🛏	bed
🛐	place of worship
🛒	shopping trolley
🛓	stupa
🛔	pagoda
🛕	hindu temple
🛖	hut
🛗	elevator
🛜	wireless
🛝	playground slide
🛞	wheel
🛟	ring buoy
🛠	hammer and wrench
🛡	shield
🛢	oil drum
🛣	motorway
🛤	railway track
🛥	motor boat
🛦	up-pointing military airplane
🛧	up-pointing airplane
🛨	up-pointing small airplane
🛩	small airplane
🛪	northeast-pointing airplane
🛫	airplane departure
🛬	airplane arriving
🛰	satellite
🛱	oncoming fire engine
🛲	diesel locomotive
🛳	passenger ship
🛴	scooter
🛵	motor scooter
🛶	canoe
🛷	sled
🛸	flying saucer
🛹	skateboard
🛺	auto rickshaw
🛻	pickup truck
🛼	roller skate
🇦	regional indicator symbol letter a
🇧	regional indicator symbol letter b
🇨	regional indicator symbol letter c
🇩	regional indicator symbol letter d
🇪	regional indicator symbol letter e
🇫	regional indicator symbol letter f
🇬	regional indicator symbol letter g
🇭	regional indicator symbol letter h
🇮	regional indicator symbol letter i
🇯	regional indicator symbol letter j
🇰	regional indicator symbol letter k
🇱	regional indicator symbol letter l
🇲	regional indicator symbol letter m
🇳	regional indicator symbol letter n
🇴	regional indicator symbol letter o
🇵	regional indicator symbol letter p
🇶	regional indicator symbol letter q
🇷	regional indicator symbol letter r
🇸	regional indicator symbol letter s
🇹	regional indicator symbol letter t
🇺	regional indicator symbol letter u
🇻	regional indicator symbol letter v
🇼	regional indicator symbol letter w
🇽	regional indicator symbol letter x
🇾	regional indicator symbol letter y
🇿	regional indicator symbol letter z
☀	black sun with rays
☁	cloud
☂	umbrella
☃	snowman
☄	comet
★	black star
☆	white star
☇	lightning
☈	thunderstorm
☉	sun
☊	ascending node
☋	descending node
☌	conjunction
☍	opposition
☎	black telephone
☏	white telephone
☐	ballot box
☑	ballot box with check
☒	ballot box with x
☓	saltire
☔	umbrella with rain drops
☕	hot beverage
☖	white shogi piece
☗	black shogi piece
☘	shamrock
☙	reversed rotated floral heart bullet
☚	black left pointing index
☛	black right pointing index
☜	white left pointing index
☝	white up pointing index
☞	white right pointing index
☟	white down pointing index
☠	skull and crossbones
☤	caduceus
☥	ankh
☦	orthodox cross
☧	chi rho
☨	cross of lorraine
☩	cross of jerusalem
☪	star and crescent
☫	farsi symbol
☬	adi shakti
☭	hammer and sickle
☮	peace symbol
☯	yin yang
☰	trigram for heaven
☱	trigram for lake
☲	trigram for fire
☳	trigram for thunder
☴	trigram for wind
☵	trigram for water
☶	trigram for mountain
☷	trigram for earth
☸	wheel of dharma
☹	white frowning face
☺	white smiling face
☻	black smiling face
☼	white sun with rays
☽	first quarter moon
☾	last quarter moon
☿	mercury
♁	earth
♃	jupiter
♄	saturn
♅	uranus
♆	neptune
♇	pluto
♈	aries
♉	taurus
♊	gemini
♋	cancer
♌	leo
♍	virgo
♎	libra
♏	scorpius
♐	sagittarius
♑	capricorn
♒	aquarius
♓	pisces
♔	white chess king
♕	white chess queen
♖	white chess rook
♗	white chess bishop
♘	white chess knight
♙	white chess pawn
♚	black chess king
♛	black chess queen
♜	black chess rook
♝	black chess bishop
♞	black chess knight
♟	black chess pawn
♠	black spade suit
♡	white heart suit
♢	white diamond suit
♣	black club suit
♤	white spade suit
♥	black heart suit
♦	black diamond suit
♧	white club suit
♨	hot springs
♩	quarter note
♪	eighth note
♫	beamed eighth notes
♬	beamed sixteenth notes
♰	west syriac cross
♱	east syriac cross
♲	universal recycling symbol
♳	recycling symbol for type-1 plastics
♴	recycling symbol for type-2 plastics
♵	recycling symbol for type-3 plastics
♶	recycling symbol for type-4 plastics
♷	recycling symbol for type-5 plastics
♸	recycling symbol for type-6 plastics
♹	recycling symbol for type-7 plastics
♺	recycling symbol for generic materials
♻	black universal recycling symbol
♼	recycled paper symbol
♽	partially-recycled paper symbol
♿	wheelchair symbol
⚀	die face-1
⚁	die face-2
⚂	die face-3
⚃	die face-4
⚄	die face-5
⚅	die face-6
⚆	white circle with dot right
⚇	white circle with two dots
⚈	black circle with white dot right
⚉	black circle with two white dots
⚊	monogram for yang
⚋	monogram for yin
⚌	digram for greater yang
⚍	digram for lesser yin
⚎	digram for lesser yang
⚏	digram for greater yin
⚐	white flag
⚑	black flag
⚒	hammer and pick
⚓	anchor
⚔	crossed swords
⚕	staff of aesculapius
⚖	scales
⚗	alembic
⚘	flower
⚙	gear
⚚	staff of hermes
⚛	atom symbol
⚜	fleur-de-lis
⚝	outlined white star
⚞	three lines converging right
⚟	three lines converging left
⚪	medium white circle
⚫	medium black circle
⚬	medium small white circle
⚭	marriage symbol
⚮	divorce symbol
⚯	unmarried partnership symbol
⚰	coffin
⚱	funeral urn
⚲	neuter
⚳	ceres
⚴	pallas
⚵	juno
⚶	vesta
⚷	chiron
⚸	black moon lilith
⚹	sextile
⚺	semisextile
⚻	quincunx
⚼	sesquiquadrate
⚽	soccer ball
⚾	baseball
⚿	squared key
⛀	white draughts man
⛁	white draughts king
⛂	black draughts man
⛃	black draughts king
⛄	snowman without snow
⛅	sun behind cloud
⛆	rain
⛇	black snowman
⛈	thunder cloud and rain
⛉	turned white shogi piece
⛊	turned black shogi piece
⛋	white diamond in square
⛌	crossing lanes
⛍	disabled car
⛎	ophiuchus
⛏	pick
⛐	car sliding
⛑	helmet with white cross
⛒	circled crossing lanes
⛓	chains
⛔	no entry
⛕	alternate one-way left way traffic
⛖	black two-way left way traffic
⛗	white two-way left way traffic
⛘	black left lane merge
⛙	white left lane merge
⛛	heavy white down-pointing triangle
⛜	left closed entry
⛝	squared saltire
⛞	falling diagonal in white circle in black square
⛟	black truck
⛠	restricted left entry-1
⛡	restricted left entry-2
⛢	astronomical symbol for uranus
⛣	heavy circle with stroke and two dots above
⛤	pentagram
⛥	right-handed interlaced pentagram
⛦	left-handed interlaced pentagram
⛧	inverted pentagram
⛨	black cross on shield
⛩	shinto shrine
⛪	church
⛫	castle
⛬	historic site
⛭	gear without hub
⛮	gear with handles
⛯	map symbol for lighthouse
⛰	mountain
⛱	umbrella on ground
⛲	fountain
⛳	flag in hole
⛴	ferry
⛵	sailboat
⛶	square four corners
⛷	skier
⛸	ice skate
⛹	person with ball
⛺	tent
⛻	japanese bank symbol
⛼	headstone graveyard symbol
⛽	fuel pump
⛾	cup on black square
⛿	white flag with horizontal middle black stripe
✀	black safety scissors
✁	upper blade scissors
✂	black scissors
✃	lower blade scissors
✄	white scissors
✅	white heavy check mark
✇	tape drive
✈	airplane
✉	envelope
✊	raised fist
✋	raised hand
✌	victory hand
✍	writing hand
✎	lower right pencil
✏	pencil
✐	upper right pencil
✑	white nib
✒	black nib
✓	check mark
✔	heavy check mark
✕	multiplication x
✖	heavy multiplication x
✗	ballot x
✘	heavy ballot x
✙	outlined greek cross
✚	heavy greek cross
✛	open centre cross
✜	heavy open centre cross
✝	latin cross
✞	shadowed white latin cross
✟	outlined latin cross
✠	maltese cross
✡	star of david
✢	four teardrop-spoked asterisk
✣	four balloon-spoked asterisk
✤	heavy four balloon-spoked asterisk
✥	four club-spoked asterisk
✦	black four pointed star
✧	white four pointed star
✨	sparkles magic shine glow clean
✩	stress outlined white star
✪	circled white star
✫	open centre black star
✬	black centre white star
✭	outlined black star
✮	heavy outlined black star
✯	pinwheel star
✰	shadowed white star
✱	heavy asterisk
✲	open centre asterisk
✳	eight spoked asterisk
✴	eight pointed black star
✵	eight pointed pinwheel star
✶	six pointed black star
✷	eight pointed rectilinear black star
✸	heavy eight pointed rectilinear black star
✹	twelve pointed black star
✺	sixteen pointed asterisk
✻	teardrop-spoked asterisk
✼	open centre teardrop-spoked asterisk
✽	heavy teardrop-spoked asterisk
✾	six petalled black and white florette
✿	black florette
❀	white florette
❁	eight petalled outlined black florette
❂	circled open centre eight pointed star
❃	heavy teardrop-spoked pinwheel asterisk
❄	snowflake
❅	tight trifoliate snowflake
❆	heavy chevron snowflake
❇	sparkle
❈	heavy sparkle
❉	balloon-spoked asterisk
❊	eight teardrop-spoked propeller asterisk
❋	heavy eight teardrop-spoked propeller asterisk
❌	cross mark
❍	shadowed white circle
❎	negative squared cross mark
❏	lower right drop-shadowed white square
❐	upper right drop-shadowed white square
❑	lower right shadowed white square
❒	upper right shadowed white square
❓	black question mark ornament
❔	white question mark ornament
❕	white exclamation mark ornament
❖	black diamond minus white x
❗	heavy exclamation mark symbol
❘	light vertical bar
❙	medium vertical bar
❚	heavy vertical bar
❛	heavy single turned comma quotation mark ornament
❜	heavy single comma quotation mark ornament
❝	heavy double turned comma quotation mark ornament
❞	heavy double comma quotation mark ornament
❟	heavy low single comma quotation mark ornament
❠	heavy low double comma quotation mark ornament
❢	heavy exclamation mark ornament
❣	heavy heart exclamation mark ornament
❤	heavy black heart
❥	rotated heavy black heart bullet
❦	floral heart
❧	rotated floral heart bullet
❨	medium left parenthesis ornament
❩	medium right parenthesis ornament
❪	medium flattened left parenthesis ornament
❫	medium flattened right parenthesis ornament
❬	medium left-pointing angle bracket ornament
❭	medium right-pointing angle bracket ornament
❮	heavy left-pointing angle quotation mark ornament
❯	heavy right-pointing angle quotation mark ornament
❰	heavy left-pointing angle bracket ornament
❱	heavy right-pointing angle bracket ornament
❲	light left tortoise shell bracket ornament
❳	light right tortoise shell bracket ornament
❴	medium left curly bracket ornament
❵	medium right curly bracket ornament
❶	dingbat negative circled digit one
❷	dingbat negative circled digit two
❸	dingbat negative circled digit three
❹	dingbat negative circled digit four
❺	dingbat negative circled digit five
❻	dingbat negative circled digit six
❼	dingbat negative circled digit seven
❽	dingbat negative circled digit eight
❾	dingbat negative circled digit nine
❿	dingbat negative circled number ten
➀	dingbat circled sans-serif digit one
➁	dingbat circled sans-serif digit two
➂	dingbat circled sans-serif digit three
➃	dingbat circled sans-serif digit four
➄	dingbat circled sans-serif digit five
➅	dingbat circled sans-serif digit six
➆	dingbat circled sans-serif digit seven
➇	dingbat circled sans-serif digit eight
➈	dingbat circled sans-serif digit nine
➉	dingbat circled sans-serif number ten
➊	dingbat negative circled sans-serif digit one
➋	dingbat negative circled sans-serif digit two
➌	dingbat negative circled sans-serif digit three
➍	dingbat negative circled sans-serif digit four
➎	dingbat negative circled sans-serif digit five
➏	dingbat negative circled sans-serif digit six
➐	dingbat negative circled sans-serif digit seven
➑	dingbat negative circled sans-serif digit eight
➒	dingbat negative circled sans-serif digit nine
➓	dingbat negative circled sans-serif number ten
➰	curly loop
➿	double curly loop
🤀	circled cross formee with four dots
🤁	circled cross formee with two dots
🤂	circled cross formee
🤃	left half circle with four dots
🤄	left half circle with three dots
🤅	left half circle with two dots
🤆	left half circle with dot
🤇	left half circle
🤈	downward facing hook
🤉	downward facing notched hook
🤊	downward facing hook with dot
🤋	downward facing notched hook with dot
🤌	pinched fingers
🤍	white heart
🤎	brown heart
🤏	pinching hand
🤐	zipper-mouth face
🤑	money-mouth face
🤒	face with thermometer
🤓	nerd face
🤔	thinking face hmm wonder ponder
🤕	face with head-bandage
🤖	robot face
🤗	hugging face
🤙	call me hand
🤚	raised back of hand
🤛	left-facing fist
🤜	right-facing fist
🤝	handshake
🤞	hand with index and middle fingers crossed
🤠	face with cowboy hat
🤡	clown face
🤢	nauseated face
🤣	rolling on the floor laughing
🤤	drooling face
🤥	lying face
🤦	face palm
🤧	sneezing face
🤨	face with one eyebrow raised
🤩	grinning face with star eyes
🤪	grinning face with one large and one small eye
🤫	face with finger covering closed lips
🤬	serious face with symbols covering mouth
🤭	smiling face with smiling eyes and hand covering mouth
🤮	face with open mouth vomiting
🤯	shocked face with exploding head
🤰	pregnant woman
🤱	breast-feeding
🤲	palms up together
🤳	selfie
🤴	prince
🤵	man in tuxedo
🤶	mother christmas
🤷	shrug
🤸	person doing cartwheel
🤹	juggling
🤺	fencer
🤻	modern pentathlon
🤼	wrestlers
🤽	water polo
🤾	handball
🤿	diving mask
🥀	wilted flower
🥁	drum with drumsticks
🥂	clinking glasses
🥃	tumbler glass
🥄	spoon
🥅	goal net
🥆	rifle
🥇	first place medal
🥈	second place medal
🥉	third place medal
🥊	boxing glove
🥋	martial arts uniform
🥌	curling stone
🥍	lacrosse stick and ball
🥎	softball
🥏	flying disc
🥐	croissant
🥑	avocado
🥒	cucumber
🥓	bacon
🥔	potato
🥕	carrot
🥖	baguette bread
🥗	green salad
🥘	shallow pan of food
🥙	stuffed flatbread
🥚	egg
🥛	glass of milk
🥜	peanuts
🥝	kiwifruit
🥞	pancakes
🥟	dumpling
🥠	fortune cookie
🥡	takeout box
🥢	chopsticks
🥣	bowl with spoon
🥤	cup with straw
🥥	coconut
🥦	broccoli
🥧	pie
🥨	pretzel
🥩	cut of meat
🥪	sandwich
🥫	canned food
🥬	leafy green
🥭	mango
🥮	moon cake
🥯	bagel
🥰	smiling face with smiling eyes and three hearts
🥱	yawning face
🥲	smiling face with tear
🥳	face with party horn and party hat
🥴	face with uneven eyes and wavy mouth
🥵	overheated face
🥶	freezing face
🥷	ninja
🥸	disguised face
🥹	face holding back tears
🥺	face with pleading eyes
🥻	sari
🥼	lab coat
🥽	goggles
🥾	hiking boot
🥿	flat shoe
🦀	crab
🦁	lion face
🦂	scorpion
🦃	turkey
🦄	unicorn face
🦅	eagle
🦆	duck
🦇	bat
🦈	shark
🦉	owl
🦊	fox face
🦋	butterfly
🦌	deer
🦍	gorilla
🦎	lizard
🦏	rhinoceros
🦐	shrimp
🦑	squid
🦒	giraffe face
🦓	zebra face
🦔	hedgehog
🦕	sauropod
🦖	t-rex
🦗	cricket
🦘	kangaroo
🦙	llama
🦚	peacock
🦛	hippopotamus
🦜	parrot
🦝	raccoon
🦞	lobster
🦟	mosquito
🦠	microbe
🦡	badger
🦢	swan
🦣	mammoth
🦤	dodo
🦥	sloth
🦦	otter
🦧	orangutan
🦨	skunk
🦩	flamingo
🦪	oyster
🦫	beaver
🦬	bison
🦭	seal
🦮	guide dog
🦯	probing cane
🦰	emoji component red hair
🦱	emoji component curly hair
🦲	emoji component bald
🦳	emoji component white hair
🦴	bone
🦵	leg
🦶	foot
🦷	tooth
🦸	superhero
🦹	supervillain
🦺	safety vest
🦻	ear with hearing aid
🦼	motorized wheelchair
🦽	manual wheelchair
🦾	mechanical arm
🦿	mechanical leg
🧀	cheese wedge
🧁	cupcake
🧂	salt shaker
🧃	beverage box
🧄	garlic
🧅	onion
🧆	falafel
🧇	waffle
🧈	butter
🧉	mate drink
🧊	ice cube
🧋	bubble tea
🧌	troll
🧍	standing person
🧎	kneeling person
🧏	deaf person
🧐	face with monocle
🧑	adult
🧒	child
🧓	older adult
🧔	bearded person
🧕	person with headscarf
🧖	person in steamy room
🧗	person climbing
🧘	person in lotus position
🧙	mage
🧚	fairy
🧛	vampire
🧜	merperson
🧝	elf
🧞	genie
🧟	zombie
🧠	brain
🧡	orange heart
🧢	billed cap
🧣	scarf
🧤	gloves
🧥	coat
🧦	socks
🧧	red gift envelope
🧨	firecracker
🧩	jigsaw puzzle piece
🧪	test tube
🧫	petri dish
🧬	dna double helix
🧭	compass
🧮	abacus
🧯	fire extinguisher
🧰	toolbox
🧱	brick
🧲	magnet
🧳	luggage
🧴	lotion bottle
🧵	spool of thread
🧶	ball of yarn
🧷	safety pin
🧸	teddy bear
🧹	broom
🧺	basket
🧻	roll of paper
🧼	bar of soap
🧽	sponge
🧾	receipt
🧿	nazar amulet
🨀	neutral chess king
🨁	neutral chess queen
🨂	neutral chess rook
🨃	neutral chess bishop
🨄	neutral chess knight
🨅	neutral chess pawn
🨆	white chess knight rotated forty-five degrees
🨇	black chess knight rotated forty-five degrees
🨈	neutral chess knight rotated forty-five degrees
🨉	white chess king rotated ninety degrees
🨊	white chess queen rotated ninety degrees
🨋	white chess rook rotated ninety degrees
🨌	white chess bishop rotated ninety degrees
🨍	white chess knight rotated ninety degrees
🨎	white chess pawn rotated ninety degrees
🨏	black chess king rotated ninety degrees
🨐	black chess queen rotated ninety degrees
🨑	black chess rook rotated ninety degrees
🨒	black chess bishop rotated ninety degrees
🨓	black chess knight rotated ninety degrees
🨔	black chess pawn rotated ninety degrees
🨕	neutral chess king rotated ninety degrees
🨖	neutral chess queen rotated ninety degrees
🨗	neutral chess rook rotated ninety degrees
🨘	neutral chess bishop rotated ninety degrees
🨙	neutral chess knight rotated ninety degrees
🨚	neutral chess pawn rotated ninety degrees
🨛	white chess knight rotated one hundred thirty-five degrees
🨜	black chess knight rotated one hundred thirty-five degrees
🨝	neutral chess knight rotated one hundred thirty-five degrees
🨞	white chess turned king
🨟	white chess turned queen
🨠	white chess turned rook
🨡	white chess turned bishop
🨢	white chess turned knight
🨣	white chess turned pawn
🨤	black chess turned king
🨥	black chess turned queen
🨦	black chess turned rook
🨧	black chess turned bishop
🨨	black chess turned knight
🨩	black chess turned pawn
🨪	neutral chess turned king
🨫	neutral chess turned queen
🨬	neutral chess turned rook
🨭	neutral chess turned bishop
🨮	neutral chess turned knight
🨯	neutral chess turned pawn
🨰	white chess knight rotated two hundred twenty-five degrees
🨱	black chess knight rotated two hundred twenty-five degrees
🨲	neutral chess knight rotated two hundred twenty-five degrees
🨳	white chess king rotated two hundred seventy degrees
🨴	white chess queen rotated two hundred seventy degrees
🨵	white chess rook rotated two hundred seventy degrees
🨶	white chess bishop rotated two hundred seventy degrees
🨷	white chess knight rotated two hundred seventy degrees
🨸	white chess pawn rotated two hundred seventy degrees
🨹	black chess king rotated two hundred seventy degrees
🨺	black chess queen rotated two hundred seventy degrees
🨻	black chess rook rotated two hundred seventy degrees
🨼	black chess bishop rotated two hundred seventy degrees
🨽	black chess knight rotated two hundred seventy degrees
🨾	black chess pawn rotated two hundred seventy degrees
🨿	neutral chess king rotated two hundred seventy degrees
🩀	neutral chess queen rotated two hundred seventy degrees
🩁	neutral chess rook rotated two hundred seventy degrees
🩂	neutral chess bishop rotated two hundred seventy degrees
🩃	neutral chess knight rotated two hundred seventy degrees
🩄	neutral chess pawn rotated two hundred seventy degrees
🩅	white chess knight rotated three hundred fifteen degrees
🩆	black chess knight rotated three hundred fifteen degrees
🩇	neutral chess knight rotated three hundred fifteen degrees
🩈	white chess equihopper
🩉	black chess equihopper
🩊	neutral chess equihopper
🩋	white chess equihopper rotated ninety degrees
🩌	black chess equihopper rotated ninety degrees
🩍	neutral chess equihopper rotated ninety degrees
🩎	white chess knight-queen
🩏	white chess knight-rook
🩐	white chess knight-bishop
🩑	black chess knight-queen
🩒	black chess knight-rook
🩓	black chess knight-bishop
🩠	xiangqi red general
🩡	xiangqi red mandarin
🩢	xiangqi red elephant
🩣	xiangqi red horse
🩤	xiangqi red chariot
🩥	xiangqi red cannon
🩦	xiangqi red soldier
🩧	xiangqi black general
🩨	xiangqi black mandarin
🩩	xiangqi black elephant
🩪	xiangqi black horse
🩫	xiangqi black chariot
🩬	xiangqi black cannon
🩭	xiangqi black soldier
🩰	ballet shoes
🩱	one-piece swimsuit
🩲	briefs
🩳	shorts
🩴	thong sandal
🩵	light blue heart
🩶	grey heart
🩷	pink heart
🩸	drop of blood
🩹	adhesive bandage
🩺	stethoscope
🩻	x-ray
🩼	crutch
🪀	yo-yo
🪁	kite
🪂	parachute
🪃	boomerang
🪄	magic wand
🪅	pinata
🪆	nesting dolls
🪇	maracas
🪈	flute
🪉	harp
🪏	shovel
🪐	ringed planet
🪑	chair
🪒	razor
🪓	axe
🪔	diya lamp
🪕	banjo
🪖	military helmet
🪗	accordion
🪘	long drum
🪙	coin
🪚	carpentry saw
🪛	screwdriver
🪜	ladder
🪝	hook
🪞	mirror
🪟	window
🪠	plunger
🪡	sewing needle
🪢	knot
🪣	bucket
🪤	mouse trap
🪥	toothbrush
🪦	headstone
🪧	placard
🪨	rock
🪩	mirror ball
🪪	identification card
🪫	low battery
🪬	hamsa
🪭	folding hand fan
🪮	hair pick
🪯	khanda
🪰	fly
🪱	worm
🪲	beetle
🪳	cockroach
🪴	potted plant
🪵	wood
🪶	feather
🪷	lotus
🪸	coral
🪹	empty nest
🪺	nest with eggs
🪻	hyacinth
🪼	jellyfish
🪽	wing
🪾	leafless tree
🪿	goose
🫀	anatomical heart
🫁	lungs
🫂	people hugging
🫃	pregnant man
🫄	pregnant person
🫅	person with crown
🫆	fingerprint
🫎	moose
🫏	donkey
🫐	blueberries
🫑	bell pepper
🫒	olive
🫓	flatbread
🫔	tamale
🫕	fondue
🫖	teapot
🫗	pouring liquid
🫘	beans
🫙	jar
🫚	ginger root
🫛	pea pod
🫜	root vegetable
🫟	splatter
🫠	melting face
🫡	saluting face
🫢	face with open eyes and hand over mouth
🫣	face with peeking eye
🫤	face with diagonal mouth
🫥	dotted line face
🫦	biting lip
🫧	bubbles
🫨	shaking face
🫩	face with bags under eyes
🫰	hand with index finger and thumb crossed
🫱	rightwards hand
🫲	leftwards hand
🫳	palm down hand
🫴	palm up hand
🫵	index pointing at the viewer
🫶	heart hands
🫷	leftwards pushing hand
🫸	rightwards pushing hand
⌂	house
⌅	projective
⌆	perspective
⌇	wavy line
⌈	left ceiling
⌉	right ceiling
⌊	left floor
⌋	right floor
⌌	bottom right crop
⌍	bottom left crop
⌎	top right crop
⌏	top left crop
⌑	square lozenge
⌒	arc
⌓	segment
⌔	sector
⌕	telephone recorder
⌖	position indicator
⌗	viewdata square
⌚	watch
⌛	hourglass
⌜	top left corner
⌝	top right corner
⌞	bottom left corner
⌟	bottom right corner
⌠	top half integral
⌡	bottom half integral
⌢	frown
⌣	smile
⌥	option key
⌦	erase to the right
⌧	x in a rectangle box
⌨	keyboard type code input
〈	left-pointing angle bracket
〉	right-pointing angle bracket
⌫	erase to the left
⌬	benzene ring
⌭	cylindricity
⌮	all around-profile
⌯	symmetry
⌰	total runout
⌱	dimension origin
⌲	conical taper
⌳	slope
⌴	counterbore
⌵	countersink
⌶	apl functional symbol i-beam
⌷	apl functional symbol squish quad
⌸	apl functional symbol quad equal
⌹	apl functional symbol quad divide
⌺	apl functional symbol quad diamond
⌻	apl functional symbol quad jot
⌼	apl functional symbol quad circle
⌽	apl functional symbol circle stile
⌾	apl functional symbol circle jot
⌿	apl functional symbol slash bar
⍀	apl functional symbol backslash bar
⍁	apl functional symbol quad slash
⍂	apl functional symbol quad backslash
⍃	apl functional symbol quad less-than
⍄	apl functional symbol quad greater-than
⍅	apl functional symbol leftwards vane
⍆	apl functional symbol rightwards vane
⍉	apl functional symbol circle backslash
⍊	apl functional symbol down tack underbar
⍋	apl functional symbol delta stile
⍌	apl functional symbol quad down caret
⍍	apl functional symbol quad delta
⍎	apl functional symbol down tack jot
⍏	apl functional symbol upwards vane
⍑	apl functional symbol up tack overbar
⍒	apl functional symbol del stile
⍓	apl functional symbol quad up caret
⍔	apl functional symbol quad del
⍕	apl functional symbol up tack jot
⍖	apl functional symbol downwards vane
⍘	apl functional symbol quote underbar
⍙	apl functional symbol delta underbar
⍚	apl functional symbol diamond underbar
⍛	apl functional symbol jot underbar
⍜	apl functional symbol circle underbar
⍝	apl functional symbol up shoe jot
⍞	apl functional symbol quote quad
⍟	apl functional symbol circle star
⍠	apl functional symbol quad colon
⍡	apl functional symbol up tack diaeresis
⍢	apl functional symbol del diaeresis
⍣	apl functional symbol star diaeresis
⍤	apl functional symbol jot diaeresis
⍥	apl functional symbol circle diaeresis
⍦	apl functional symbol down shoe stile
⍧	apl functional symbol left shoe stile
⍨	apl functional symbol tilde diaeresis
⍩	apl functional symbol greater-than diaeresis
⍪	apl functional symbol comma bar
⍫	apl functional symbol del tilde
⍬	apl functional symbol zilde
⍭	apl functional symbol stile tilde
⍮	apl functional symbol semicolon underbar
⍯	apl functional symbol quad not equal
⍰	apl functional symbol quad question
⍱	apl functional symbol down caret tilde
⍲	apl functional symbol up caret tilde
⍳	apl functional symbol iota
⍴	apl functional symbol rho
⍵	apl functional symbol omega
⍶	apl functional symbol alpha underbar
⍷	apl functional symbol epsilon underbar
⍸	apl functional symbol iota underbar
⍹	apl functional symbol omega underbar
⍺	apl functional symbol alpha
⍻	not check mark
⍽	shouldered open box
⍾	bell symbol
⍿	vertical line with middle dot
⎀	insertion symbol
⎁	continuous underline symbol
⎂	discontinuous underline symbol
⎃	emphasis symbol
⎄	composition symbol
⎅	white square with centre vertical line
⎆	enter symbol
⎇	alternative key symbol
⎈	helm symbol
⎉	circled horizontal bar with notch
⎊	circled triangle down
⎌	undo symbol
⎍	monostable symbol
⎎	hysteresis symbol
⎏	open-circuit-output h-type symbol
⎐	open-circuit-output l-type symbol
⎑	passive-pull-down-output symbol
⎒	passive-pull-up-output symbol
⎓	direct current symbol form two
⎔	software-function symbol
⎕	apl functional symbol quad
⎖	decimal separator key symbol
⎗	previous page
⎘	next page
⎙	print screen symbol
⎚	clear screen symbol
⎛	left parenthesis upper hook
⎜	left parenthesis extension
⎝	left parenthesis lower hook
⎞	right parenthesis upper hook
⎟	right parenthesis extension
⎠	right parenthesis lower hook
⎡	left square bracket upper corner
⎢	left square bracket extension
⎣	left square bracket lower corner
⎤	right square bracket upper corner
⎥	right square bracket extension
⎦	right square bracket lower corner
⎧	left curly bracket upper hook
⎨	left curly bracket middle piece
⎩	left curly bracket lower hook
⎪	curly bracket extension
⎫	right curly bracket upper hook
⎬	right curly bracket middle piece
⎭	right curly bracket lower hook
⎮	integral extension
⎯	horizontal line extension
⎰	upper left or lower right curly bracket section
⎱	upper right or lower left curly bracket section
⎲	summation top
⎳	summation bottom
⎴	top square bracket
⎵	bottom square bracket
⎶	bottom square bracket over top square bracket
⎷	radical symbol bottom
⎸	left vertical box line
⎹	right vertical box line
⎺	horizontal scan line-1
⎻	horizontal scan line-3
⎼	horizontal scan line-7
⎽	horizontal scan line-9
⎾	dentistry symbol light vertical and top right
⎿	dentistry symbol light vertical and bottom right
⏀	dentistry symbol light vertical with circle
⏁	dentistry symbol light down and horizontal with circle
⏂	dentistry symbol light up and horizontal with circle
⏃	dentistry symbol light vertical with triangle
⏄	dentistry symbol light down and horizontal with triangle
⏅	dentistry symbol light up and horizontal with triangle
⏆	dentistry symbol light vertical and wave
⏇	dentistry symbol light down and horizontal with wave
⏈	dentistry symbol light up and horizontal with wave
⏉	dentistry symbol light down and horizontal
⏊	dentistry symbol light up and horizontal
⏋	dentistry symbol light vertical and top left
⏌	dentistry symbol light vertical and bottom left
⏍	square foot
⏎	return symbol
⏏	eject symbol
⏐	vertical line extension
⏑	metrical breve
⏒	metrical long over short
⏓	metrical short over long
⏔	metrical long over two shorts
⏕	metrical two shorts over long
⏖	metrical two shorts joined
⏗	metrical triseme
⏘	metrical tetraseme
⏙	metrical pentaseme
⏚	earth ground
⏛	fuse
⏜	top parenthesis
⏝	bottom parenthesis
⏞	top curly bracket
⏟	bottom curly bracket
⏠	top tortoise shell bracket
⏡	bottom tortoise shell bracket
⏢	white trapezium
⏣	benzene ring with circle
⏤	straightness
⏥	flatness
⏦	ac current
⏧	electrical intersection
⏨	decimal exponent symbol
⏩	black right-pointing double triangle
⏪	black left-pointing double triangle
⏫	black up-pointing double triangle
⏬	black down-pointing double triangle
⏭	black right-pointing double triangle with vertical bar
⏮	black left-pointing double triangle with vertical bar
⏯	black right-pointing triangle with double vertical bar
⏰	alarm clock
⏱	stopwatch
⏲	timer clock
⏳	hourglass with flowing sand
⏴	black medium left-pointing triangle
⏵	black medium right-pointing triangle
⏶	black medium up-pointing triangle
⏷	black medium down-pointing triangle
⏸	double vertical bar
⏹	black square for stop
⏺	black circle for record
⏻	power symbol
⏼	power on-off symbol
⏽	power on symbol
⏾	power sleep symbol
⏿	observer eye symbol
⬒	square with top half black
⬓	square with bottom half black
⬔	square with upper right diagonal half black
⬕	square with lower left diagonal half black
⬖	diamond with left half black
⬗	diamond with right half black
⬘	diamond with top half black
⬙	diamond with bottom half black
⬚	dotted square
⬛	black large square
⬜	white large square
⬝	black very small square
⬞	white very small square
⬟	black pentagon
⬠	white pentagon
⬡	white hexagon
⬢	black hexagon
⬣	horizontal black hexagon
⬤	black large circle
⬥	black medium diamond
⬦	white medium diamond
⬧	black medium lozenge
⬨	white medium lozenge
⬩	black small diamond
⬪	black small lozenge
⬫	white small lozenge
⬬	black horizontal ellipse
⬭	white horizontal ellipse
⬮	black vertical ellipse
⬯	white vertical ellipse
⭐	white medium star star favorite rate shiny
⭑	black small star
⭒	white small star
⭓	black right-pointing pentagon
⭔	white right-pointing pentagon
⭕	heavy large circle
⭖	heavy oval with oval inside
⭗	heavy circle with circle inside
⭘	heavy circle
⭙	heavy circled saltire
⭾	horizontal tab key
⭿	vertical tab key
⮐	return left
⮑	return right
⮒	newline left
⮓	newline right
⮗	symbol for type a electronics
⮺	overlapping white squares
⮻	overlapping white and black squares
⮼	overlapping black squares
⮽	ballot box with light x
⮾	circled x
⮿	circled bold x
⯀	black square centred
⯁	black diamond centred
⯂	turned black pentagon
⯃	horizontal black octagon
⯄	black octagon
⯅	black medium up-pointing triangle centred
⯆	black medium down-pointing triangle centred
⯇	black medium left-pointing triangle centred
⯈	black medium right-pointing triangle centred
⯉	neptune form two
⯊	top half black circle
⯋	bottom half black circle
⯌	light four pointed black cusp
⯍	rotated light four pointed black cusp
⯎	white four pointed cusp
⯏	rotated white four pointed cusp
⯐	square position indicator
⯒	group mark
⯓	pluto form two
⯔	pluto form three
⯕	pluto form four
⯖	pluto form five
⯗	transpluto
⯘	proserpina
⯙	astraea
⯚	hygiea
⯛	pholus
⯜	nessus
⯝	white moon selena
⯞	black diamond on cross
⯟	true light moon arta
⯠	cupido
⯡	hades
⯢	zeus
⯣	kronos
⯤	apollon
⯥	admetos
⯦	vulcanus
⯧	poseidon
⯨	left half black star
⯩	right half black star
⯪	star with left half black
⯫	star with right half black
⯰	eris form one
⯱	eris form two
⯲	sedna
⯳	russian astrological symbol vigintile
⯴	russian astrological symbol novile
⯵	russian astrological symbol quintile
⯶	russian astrological symbol binovile
⯷	russian astrological symbol sentagon
⯸	russian astrological symbol tredecile
⯺	united symbol
⯻	separated symbol
⯼	doubled symbol
⯽	passed symbol
⯾	reversed right angle
⯿	hellschreiber pause symbol
🀀	mahjong tile east wind
🀁	mahjong tile south wind
🀂	mahjong tile west wind
🀃	mahjong tile north wind
🀄	mahjong tile red dragon
🀅	mahjong tile green dragon
🀆	mahjong tile white dragon
🀇	mahjong tile one of characters
🀈	mahjong tile two of characters
🀉	mahjong tile three of characters
🀊	mahjong tile four of characters
🀋	mahjong tile five of characters
🀌	mahjong tile six of characters
🀍	mahjong tile seven of characters
🀎	mahjong tile eight of characters
🀏	mahjong tile nine of characters
🀐	mahjong tile one of bamboos
🀑	mahjong tile two of bamboos
🀒	mahjong tile three of bamboos
🀓	mahjong tile four of bamboos
🀔	mahjong tile five of bamboos
🀕	mahjong tile six of bamboos
🀖	mahjong tile seven of bamboos
🀗	mahjong tile eight of bamboos
🀘	mahjong tile nine of bamboos
🀙	mahjong tile one of circles
🀚	mahjong tile two of circles
🀛	mahjong tile three of circles
🀜	mahjong tile four of circles
🀝	mahjong tile five of circles
🀞	mahjong tile six of circles
🀟	mahjong tile seven of circles
🀠	mahjong tile eight of circles
🀡	mahjong tile nine of circles
🀢	mahjong tile plum
🀣	mahjong tile orchid
🀤	mahjong tile bamboo
🀥	mahjong tile chrysanthemum
🀦	mahjong tile spring
🀧	mahjong tile summer
🀨	mahjong tile autumn
🀩	mahjong tile winter
🀪	mahjong tile joker
🀫	mahjong tile back
🀰	domino tile horizontal back
🀱	domino tile horizontal-00-00
🀲	domino tile horizontal-00-01
🀳	domino tile horizontal-00-02
🀴	domino tile horizontal-00-03
🀵	domino tile horizontal-00-04
🀶	domino tile horizontal-00-05
🀷	domino tile horizontal-00-06
🀸	domino tile horizontal-01-00
🀹	domino tile horizontal-01-01
🀺	domino tile horizontal-01-02
🀻	domino tile horizontal-01-03
🀼	domino tile horizontal-01-04
🀽	domino tile horizontal-01-05
🀾	domino tile horizontal-01-06
🀿	domino tile horizontal-02-00
🁀	domino tile horizontal-02-01
🁁	domino tile horizontal-02-02
🁂	domino tile horizontal-02-03
🁃	domino tile horizontal-02-04
🁄	domino tile horizontal-02-05
🁅	domino tile horizontal-02-06
🁆	domino tile horizontal-03-00
🁇	domino tile horizontal-03-01
🁈	domino tile horizontal-03-02
🁉	domino tile horizontal-03-03
🁊	domino tile horizontal-03-04
🁋	domino tile horizontal-03-05
🁌	domino tile horizontal-03-06
🁍	domino tile horizontal-04-00
🁎	domino tile horizontal-04-01
🁏	domino tile horizontal-04-02
🁐	domino tile horizontal-04-03
🁑	domino tile horizontal-04-04
🁒	domino tile horizontal-04-05
🁓	domino tile horizontal-04-06
🁔	domino tile horizontal-05-00
🁕	domino tile horizontal-05-01
🁖	domino tile horizontal-05-02
🁗	domino tile horizontal-05-03
🁘	domino tile horizontal-05-04
🁙	domino tile horizontal-05-05
🁚	domino tile horizontal-05-06
🁛	domino tile horizontal-06-00
🁜	domino tile horizontal-06-01
🁝	domino tile horizontal-06-02
🁞	domino tile horizontal-06-03
🁟	domino tile horizontal-06-04
🁠	domino tile horizontal-06-05
🁡	domino tile horizontal-06-06
🁢	domino tile vertical back
🁣	domino tile vertical-00-00
🁤	domino tile vertical-00-01
🁥	domino tile vertical-00-02
🁦	domino tile vertical-00-03
🁧	domino tile vertical-00-04
🁨	domino tile vertical-00-05
🁩	domino tile vertical-00-06
🁪	domino tile vertical-01-00
🁫	domino tile vertical-01-01
🁬	domino tile vertical-01-02
🁭	domino tile vertical-01-03
🁮	domino tile vertical-01-04
🁯	domino tile vertical-01-05
🁰	domino tile vertical-01-06
🁱	domino tile vertical-02-00
🁲	domino tile vertical-02-01
🁳	domino tile vertical-02-02
🁴	domino tile vertical-02-03
🁵	domino tile vertical-02-04
🁶	domino tile vertical-02-05
🁷	domino tile vertical-02-06
🁸	domino tile vertical-03-00
🁹	domino tile vertical-03-01
🁺	domino tile vertical-03-02
🁻	domino tile vertical-03-03
🁼	domino tile vertical-03-04
🁽	domino tile vertical-03-05
🁾	domino tile vertical-03-06
🁿	domino tile vertical-04-00
🂀	domino tile vertical-04-01
🂁	domino tile vertical-04-02
🂂	domino tile vertical-04-03
🂃	domino tile vertical-04-04
🂄	domino tile vertical-04-05
🂅	domino tile vertical-04-06
🂆	domino tile vertical-05-00
🂇	domino tile vertical-05-01
🂈	domino tile vertical-05-02
🂉	domino tile vertical-05-03
🂊	domino tile vertical-05-04
🂋	domino tile vertical-05-05
🂌	domino tile vertical-05-06
🂍	domino tile vertical-06-00
🂎	domino tile vertical-06-01
🂏	domino tile vertical-06-02
🂐	domino tile vertical-06-03
🂑	domino tile vertical-06-04
🂒	domino tile vertical-06-05
🂓	domino tile vertical-06-06
🂠	playing card back
🂡	playing card ace of spades
🂢	playing card two of spades
🂣	playing card three of spades
🂤	playing card four of spades
🂥	playing card five of spades
🂦	playing card six of spades
🂧	playing card seven of spades
🂨	playing card eight of spades
🂩	playing card nine of spades
🂪	playing card ten of spades
🂫	playing card jack of spades
🂬	playing card knight of spades
🂭	playing card queen of spades
🂮	playing card king of spades
🂱	playing card ace of hearts
🂲	playing card two of hearts
🂳	playing card three of hearts
🂴	playing card four of hearts
🂵	playing card five of hearts
🂶	playing card six of hearts
🂷	playing card seven of hearts
🂸	playing card eight of hearts
🂹	playing card nine of hearts
🂺	playing card ten of hearts
🂻	playing card jack of hearts
🂼	playing card knight of hearts
🂽	playing card queen of hearts
🂾	playing card king of hearts
🂿	playing card red joker
🃁	playing card ace of diamonds
🃂	playing card two of diamonds
🃃	playing card three of diamonds
🃄	playing card four of diamonds
🃅	playing card five of diamonds
🃆	playing card six of diamonds
🃇	playing card seven of diamonds
🃈	playing card eight of diamonds
🃉	playing card nine of diamonds
🃊	playing card ten of diamonds
🃋	playing card jack of diamonds
🃌	playing card knight of diamonds
🃍	playing card queen of diamonds
🃎	playing card king of diamonds
🃏	playing card black joker
🃑	playing card ace of clubs
🃒	playing card two of clubs
🃓	playing card three of clubs
🃔	playing card four of clubs
🃕	playing card five of clubs
🃖	playing card six of clubs
🃗	playing card seven of clubs
🃘	playing card eight of clubs
🃙	playing card nine of clubs
🃚	playing card ten of clubs
🃛	playing card jack of clubs
🃜	playing card knight of clubs
🃝	playing card queen of clubs
🃞	playing card king of clubs
🃟	playing card white joker
🃠	playing card fool
🃡	playing card trump-1
🃢	playing card trump-2
🃣	playing card trump-3
🃤	playing card trump-4
🃥	playing card trump-5
🃦	playing card trump-6
🃧	playing card trump-7
🃨	playing card trump-8
🃩	playing card trump-9
🃪	playing card trump-10
🃫	playing card trump-11
🃬	playing card trump-12
🃭	playing card trump-13
🃮	playing card trump-14
🃯	playing card trump-15
🃰	playing card trump-16
🃱	playing card trump-17
🃲	playing card trump-18
🃳	playing card trump-19
🃴	playing card trump-20
🃵	playing card trump-21
🞀	black left-pointing isosceles right triangle
🞁	black up-pointing isosceles right triangle
🞂	black right-pointing isosceles right triangle
🞃	black down-pointing isosceles right triangle
🞄	black slightly small circle
🞅	medium bold white circle
🞆	bold white circle
🞇	heavy white circle
🞈	very heavy white circle
🞉	extremely heavy white circle
🞊	white circle containing black small circle
🞋	round target
🞌	black tiny square
🞍	black slightly small square
🞎	light white square
🞏	medium white square
🞐	bold white square
🞑	heavy white square
🞒	very heavy white square
🞓	extremely heavy white square
🞔	white square containing black very small square
🞕	white square containing black medium square
🞖	square target
🞗	black tiny diamond
🞘	black very small diamond
🞙	black medium small diamond
🞚	white diamond containing black very small diamond
🞛	white diamond containing black medium diamond
🞜	diamond target
🞝	black tiny lozenge
🞞	black very small lozenge
🞟	black medium small lozenge
🞠	white lozenge containing black small lozenge
🞡	thin greek cross
🞢	light greek cross
🞣	medium greek cross
🞤	bold greek cross
🞥	very bold greek cross
🞦	very heavy greek cross
🞧	extremely heavy greek cross
🞨	thin saltire
🞩	light saltire
🞪	medium saltire
🞫	bold saltire
🞬	heavy saltire
🞭	very heavy saltire
🞮	extremely heavy saltire
🞯	light five spoked asterisk
🞰	medium five spoked asterisk
🞱	bold five spoked asterisk
🞲	heavy five spoked asterisk
🞳	very heavy five spoked asterisk
🞴	extremely heavy five spoked asterisk
🞵	light six spoked asterisk
🞶	medium six spoked asterisk
🞷	bold six spoked asterisk
🞸	heavy six spoked asterisk
🞹	very heavy six spoked asterisk
🞺	extremely heavy six spoked asterisk
🞻	light eight spoked asterisk
🞼	medium eight spoked asterisk
🞽	bold eight spoked asterisk
🞾	heavy eight spoked asterisk
🞿	very heavy eight spoked asterisk
🟀	light three pointed black star
🟁	medium three pointed black star
🟂	three pointed black star
🟃	medium three pointed pinwheel star
🟄	light four pointed black star
🟅	medium four pointed black star
🟆	four pointed black star
🟇	medium four pointed pinwheel star
🟈	reverse light four pointed pinwheel star
🟉	light five pointed black star
🟊	heavy five pointed black star
🟋	medium six pointed black star
🟌	heavy six pointed black star
🟍	six pointed pinwheel star
🟎	medium eight pointed black star
🟏	heavy eight pointed black star
🟐	very heavy eight pointed black star
🟑	heavy eight pointed pinwheel star
🟒	light twelve pointed black star
🟓	heavy twelve pointed black star
🟔	heavy twelve pointed pinwheel star
🟕	circled triangle
🟖	negative circled triangle
🟗	circled square
🟘	negative circled square
🟙	nine pointed white star
🟠	large orange circle
🟡	large yellow circle
🟢	large green circle
🟣	large purple circle
🟤	large brown circle
🟥	large red square
🟦	large blue square
🟧	large orange square
🟨	large yellow square
🟩	large green square
🟪	large purple square
🟫	large brown square
